user_id,user_name,date,text
1.50E+18,didiw,2022-10-02 23:19:01+00:00,film bebas ramai banget 
2317898762,detikcewek,2022-10-02 23:10:38+00:00,eh film bagus ajak nonton 
1.58E+18,Tukino Tukinem,2022-10-02 23:07:03+00:00,film nostalgia 
1.19E+18,cla,2022-10-02 22:55:21+00:00,rakxxyyy burem nonton film baja 
1.21E+18,firaaA A34,2022-10-02 22:54:19+00:00,film ter menang lihat 
1.48E+18,paw,2022-10-02 22:53:49+00:00,bahagia ending tertawa suka alur cerita film arrietty whisper of the hea when marnie was there 
1.57E+18,Valsaan,2022-10-02 22:48:23+00:00,deh film laku 
605182656,FEBRI TRANSLATOR,2022-10-02 21:56:09+00:00,mudah mudah film mu sepi su 
1.15E+18,zhrh,2022-10-02 21:47:44+00:00,kangen film lucu tertawa 
1.01E+18,Ado Christophorus,2022-10-02 21:41:15+00:00,film underrated bagus banget ini 
1.12E+18,Nic,2022-10-02 21:26:42+00:00,film mampu otak 
284412302,,2022-10-02 20:31:35+00:00,sih boong banyak nonton film 
1407878864,Belalang Kupu Kupu,2022-10-02 20:14:34+00:00,yea jarang nonton film film dokumenter tarik mata palagi dokumenter teliti tikus kemudi im all ears 
2237684240,morgan file,2022-10-02 20:14:20+00:00,alas henti nonton film 
8.11E+17,ry,2022-10-02 19:22:34+00:00,konsep cerita film sederhana kompleks sang film perlahan lahan lurus benang benang kusut benar bohong ungkap ciamik plot twist mudah duga nilai harga film 
1.47E+18,A1A A3A,2022-10-02 19:09:28+00:00,cok film tonton menang kadang menang tahan menang 
1.54E+18,LiA,2022-10-02 19:05:22+00:00,habis nonton film ngantuk 
1.46E+18,val,2022-10-02 18:59:20+00:00,film nguras air mata banget 
3189294229,HimciA,2022-10-02 18:54:02+00:00,aneh plango plongo film end 
1.32E+18,NanaA Chenji mommaA,2022-10-02 18:46:54+00:00,anjing kayak yah film nonton untung 
1.51E+18,Elisyana,2022-10-02 18:11:46+00:00,mece suka nonton film 
1.28E+18,pilna,2022-10-02 18:02:17+00:00,film egk tonton 
2242099009,Merah,2022-10-02 17:58:49+00:00,bingung tearik nonton film lihat cuplik sosmed film sebenernya flat banget alur style film sesuai produksi film selesai tonton diam sadar mengekploitasi 
3321907800,,2022-10-02 17:56:03+00:00,main film raja peperangan hyunwoo ikut latih ilmu bela 
388214862,Susu Tjap Noona,2022-10-02 20:47:06+00:00,iyaa nihhh kena film lsg bodoh 
1.40E+18,ta,2022-10-02 19:57:47+00:00,kangen film nyaaa 
1.03E+18,Ale,2022-10-03 23:57:53+00:00,bagus banget tebak visual oke niat banget bkin film 
1.38E+18,Rendezvous,2022-10-03 23:54:01+00:00,film bagus nihh 
518099580,SECRET KEY,2022-10-03 23:52:44+00:00,bsgus amp puji reviewer film rilis 
721559868,md,2022-10-03 23:22:21+00:00,nonton wooii banget film nyaaa 
1.57E+18,Ryo,2022-10-03 23:18:42+00:00,iya tuhan nantiin banget film undur banget 
1.42E+18,Kyungsoo twin,2022-10-03 22:55:21+00:00,iyaaaa film bagus nyesek banget 
2262839850,mrf,2022-10-03 22:01:52+00:00,film memang diapain sih takut 
1.07E+18,Angie,2022-10-03 20:45:23+00:00,kelar nonton film jam gin 
1.54E+18,wayA,2022-10-03 19:55:04+00:00,saran film bgus seruu dongg 
1.19E+18,Himari,2022-10-03 18:06:56+00:00,habis kelarin film rekomendasi adik tingkat sial don regret it film eksplisit mikir keras 
1.45E+18,Jovanda,2022-10-03 18:04:57+00:00,tepat side face claim suka nonton film film 
1.48E+18,badA,2022-10-03 16:57:41+00:00,keren banget film keren 
1.13E+18,,2022-10-03 16:56:32+00:00,film ku rewatch tertawa 
1.29E+18,,2022-10-03 16:41:38+00:00,seru bangeeet suka film action adventure gituuuu 
1.14E+18,BMSA,2022-10-03 16:38:22+00:00,plis suka bnget film 
8.01E+17,,2022-10-03 16:20:36+00:00,film sih rem banget 
1.40E+18,,2022-10-03 22:45:57+00:00,bingung ganti film tulis pantesan suruh ganti ganti aja pin pin hhh 
281968578,,2022-10-03 16:27:34+00:00,pikir iya film 
1.57E+18,Mil 14,2022-10-03 16:24:38+00:00,habis nonton film tetep ngang ngeng ngong alias paham anjirr si maksud 
81041018,Ita,2022-10-03 21:11:40+00:00,duga oleh nonton money heist menang pas lin mati lin karakter suka tokyo 
1.50E+18,,2022-10-03 19:41:57+00:00,on the way jalan nonton money heist spanyol besok sempeta ao 
1.50E+18,,2022-10-03 19:38:25+00:00,money heist seru banget gila ngebut nonton habis isya 
738675606,Evelyn,2022-10-03 17:56:23+00:00,wajar banget spin off kisah lin lin saudara laki money heist kisah hidup seru banget 
2183456790,Paqeeeh,2022-10-03 17:37:24+00:00,cinta money heist garis keras sabar banget sih pen nonton lin cuy karakter favorit 
4681276160,Kundera,2022-10-03 16:56:01+00:00,plot cerita kayak money heist money heist korea dibikinin film deh 
1.21E+18,syif,2022-10-03 14:49:49+00:00,mngobati rsa kgen money heist 
93547108,Shadow Moon,2022-10-03 14:41:45+00:00,cowok flamboyan kaya lin soul series money heist 
1085373955,ha,2022-10-03 14:38:14+00:00,rewatch money heist episode sayang sari rio 
34664597,Arya,2022-10-03 14:32:31+00:00,tarik kayak money heist korea 
1.11E+18,anna,2022-10-03 14:30:18+00:00,anjirr ih selesai nonton money heist tungguin 
495658860,bubuk oreo,2022-10-03 14:28:27+00:00,woho lin karakter money heist fav 
1.51E+18,nae cewenya winwin gege,2022-10-03 14:26:42+00:00,ngomong-ngomong nonton money heist henti diseason season emosi tokyo rio wkwkwkw nonton malas lin tokoh fav mati sisa nairobi semangat nontonnya 
59979374,Masdha FM,2022-10-03 08:01:26+00:00,tonton money heist kumpul yukk siapin mental sambut season baru money heist 
788744100,com,2022-10-02 15:28:06+00:00,serial money heist garap latar lin film 
1.33E+18,Rachel Jun,2022-10-02 11:18:25+00:00,jujur rp money heist korea tamat tonton money heist spaina 
1.41E+18,ghin ngantuk,2022-10-02 01:49:58+00:00,money heist seru banget iq nya atas sih 
364774662,Trojan exe AA,2022-09-27 15:03:51+00:00,sambung jenguk money heist lepas tokyo mati sedih jenguk langsung now let watch to the end 
1.50E+18,,2022-10-03 19:41:57+00:00,on the way jalan nonton money heist spanyol besok 
2183456790,Paqeeeh,2022-10-03 17:37:24+00:00,cinta money heist garis keras sabar banget sih pen nonton lin cuy karakter favorit 
1.33E+18,alya,2022-10-03 16:02:26+00:00,ohiya smpe lupa anjing series lin bgus ges smoga cast money heist ditampilin sana 
1.21E+18,syif,2022-10-03 14:49:49+00:00,mngobati rsa kgen money heist 
3132799378,ZUNGU,2022-10-03 14:40:16+00:00,mandevu jamaa anasema namnukuu lakini haitonichukua hata week mimi na jeshi langu kuikamata kuiweka mkononi kizuizini nairobi mwisho wa kunukuu sasa sijui nairobi au nairobi yule wa money heist 14 
1.01E+18,Drama Menfess,2022-10-03 14:30:14+00:00,kdma money heist korea kabar sih tayang 
16,del,2022-07-30 10:45:10+00:00,iya film jual gaserua 
36,SAL,2022-07-30 10:42:11+00:00,maap maraton film disney 
48,nda,2022-07-30 10:40:00+00:00,film komedi lumayan myself prefer actionnya rasa banget tegang waha sih nonton beneran cant close my mouth once the action scenes staed 
74,A1 A1,2022-07-30 10:34:44+00:00,suka film series per mati gtuh 
185,GuerayyA,2022-07-30 10:13:45+00:00,youngho asa nonton film action tinggal mas kondisi kritis 
203,Ihya,2022-07-30 10:09:37+00:00,gaji buta nonton film malas nonton 
224,Ihya,2022-07-30 10:07:22+00:00,gaji buta nonton film malas morbius 
225,elje detektif,2022-07-30 10:06:54+00:00,kyo film makhluk hepi deh sabar iya yuk stana 
230,vanily,2022-07-30 10:05:30+00:00,napas lihat film nya 
233,yola,2022-07-30 10:05:09+00:00,wkwkwkw cengeng film menang banget aoa aoa aoa ao 
522,neo mood booster,2022-07-30 10:59:13+00:00,tanda jompo tidur bioskop 
592,Raka,2022-07-30 09:06:51+00:00,tim nonton habis putus bimbang brutal tida sentuh bioskop giat favorit nonton film avenger 
1.39E+18,,2022-10-04 18:01:43+00:00,karakter money heist cium iya lin asliiiiiii 
297388866,Willy,2022-10-04 15:48:50+00:00,suka serial money heist 
945058364,pel,2022-10-04 14:45:32+00:00,series you money heist tertawa niat 
1.19E+18,prenji,2022-10-04 14:19:04+00:00,money heist seruuu cuy 
1491228300,Burung Pak Asep,2022-10-04 08:50:00+00:00,otak money heist 
1.03E+18,Netflix Indonesia,2022-10-03 14:00:17+00:00,kisah cinta campur kisah ampo tungguin lin spin off money heist tayang 
1.51E+18,CA rl open fsr wa,2022-10-02 09:38:43+00:00,enola holmes stranger things money heist kate wajib nonton sih 
1.58E+18,acc promosi,2022-10-02 09:38:05+00:00,si suka money heist versi italia 
1.47E+18,yasmine,2022-09-30 12:07:07+00:00,nonton money heist seru 
1.33E+18,Rachel Jun,2022-10-02 11:18:25+00:00,jujur rp money heist korea tamat tonton money heist spain 
364774662,Trojan exe,2022-09-27 15:03:51+00:00,sambung jenguk money heist lepas tokyo mati sedih jenguk langsung now let watch to the end 
7.46E+17,,2022-09-29 06:24:43+00:00,kayak money heist season kelara 
1.26E+18,aan,2022-09-28 07:55:57+00:00,suka money heist korea inspector cakep banget ampuna 
1.19E+18,prenji,2022-10-04 14:19:04+00:00,money heist seruuu cuy 
893272254,reyjohannes,2022-10-04 04:14:22+00:00,money heist dijadiin game kayak seru 
1.58E+18,ala,5/10/2022 14:37,hahaha gajadi tidur kereta lanjutin money heist perang seru tl 
1.58E+18,,5/10/2022 12:37,gilaaa ending money heist cik 
1.58E+18,mbak tumbas,5/10/2022 9:30,nonton money heist nambah rancu njir cerita fokus nyabang capek ngikutinnya 
1.58E+18,rizkipsari,4/10/2022 8:08,kenaps keren banget yeu money heist sayang diending meninggoy 
1.58E+18,Ita,4/10/2022 4:11,duga oleh nonton money heist menang pas lin mati lin karakter suka tokyo lin spin off money heist 
1.58E+18,Evelyn,4/10/2022 0:56,wajar banget spin off kisah lin lin saudara laki money heist kisah hidup seru banget mvs guyss spin off nya money heist ceritain si lin 
1.58E+18,Paqeeeh,4/10/2022 0:37,cinta money heist garis keras sabar banget sih pen nonton lin cuy karakter favorit lin spin off money heist 
1.58E+18,anna,3/10/2022 21:30,anjirr ih selesai nonton money heist tungguin mvs guyss spin off nya money heist ceritain si lin 
1.58E+18,Netflix Indonesia,3/10/2022 21:00,kisah cinta campur kisah ampo tungguin lin spin off money heist tayang 
1.58E+18,Popbela com,3/10/2022 19:50,fokus karakter lin serial utama 
1.58E+18,medcom id,3/10/2022 19:30,karakter lin serial populer money heist tualang baru serial judul lin spin off money heist netflix umum tahap produksi serial lin 
1.58E+18,Masdha FM,3/10/2022 15:01,tonton money heist kumpul yukk siapin mental sambut season baru money heist 
1.58E+18,Rachel Jun,2/10/2022 18:18,jujur rp money heist korea tamat tonton money heist spain iya scene lin casa adik papel korban halau polisi tuduh jahat gambar professor 
1.58E+18,,2/10/2022 17:00,betah banget rambut hahaha iya terima kasih aktor money heist ver korea aaron motivasi manjangin rambut teman reaksi bias dikit dikit potong rambut bilang manjangin rambut kuncir belakang 
544984680,snoop gus,2022-10-05 16:09:22+00:00,habis nonton money heist bgus ny nonton yh 
1559726251,mbak tumbas,2022-10-05 02:30:47+00:00,nonton money heist nambah rancu njir cerita fokus nyabang capek ngikutinnyaa 
1.44E+18,,2022-10-05 01:33:02+00:00,kaya money heist vibesnya 
1.29E+18,jeje,2022-10-05 00:56:40+00:00,menfess ngira money heist 
1.19E+18,prenji,2022-10-04 14:19:04+00:00,money heist seruuu cuy 
1.50E+18,,2022-10-03 19:41:57+00:00,on the way jalan nonton money heist spanyol besok sempeta ao 
2183456790,Paqeeeh,2022-10-03 17:37:24+00:00,cinta money heist garis keras sabar banget sih pen nonton lin cuy karakter favorit 
1.41E+18,ghin ngantuk,2022-10-02 01:49:58+00:00,money heist seru banget iq nya atas sih 
1.23E+18,fyA,2022-10-02 01:21:06+00:00,money heist seru banget kamis maraton money heist season 
7.46E+17,,2022-09-29 06:24:43+00:00,kayak money heist season kelara 
340220247,,2022-09-29 02:22:00+00:00,bnrn money heist korea gila staffnya 
1.26E+18,aan,2022-09-28 07:55:57+00:00,suka money heist korea inspector cakep banget ampuna 
1.58E+18,ala rbuy,2022-10-05 07:37:12+00:00,hahaha gajadi tidur kereta lanjutin money heist perang seru tla 
1559726251,mbak tumbas,2022-10-05 02:30:47+00:00,nonton money heist nambah rancu njir cerita fokus nyabang capek ngikutinnyaa 
1.50E+18,,2022-10-03 19:41:57+00:00,on the way jalan nonton money heist spanyol besok sempeta ao 
2183456790,Paqeeeh,2022-10-03 17:37:24+00:00,cinta money heist garis keras sabar banget sih pen nonton lin cuy karakter favorit 
1.21E+18,syif,2022-10-03 14:49:49+00:00,mngobati rsa kgen money heist 
1085373955,ha,2022-10-03 14:38:14+00:00,rewatch money heist alhamdulillah episode sayang sari rio 
1.33E+18,Rachel Jun,2022-10-02 11:18:25+00:00,jujur rp money heist korea tamat tonton money heist spaina 
1.41E+18,ghin ngantuk,2022-10-02 01:49:58+00:00,money heist seru banget iq nya atas sih 
1.23E+18,fyA,2022-10-02 01:21:06+00:00,money heist seru banget kamis maraton money heist season 
1.08E+18,sisil,2022-10-01 09:58:00+00:00,nyuruh si mamih nonton money heist iseng dia candu renti nonton serial pagi malema 
7.61E+17,Ra,2022-09-28 10:18:17+00:00,money heist antuk nntonnya tertawa kuat nnton season till we meet again film lampau aneh jokes nya shaun of the dead suka scene bunuh zombie pakai lagu don henti me now lebih bosen 
826548348,giftbox lovee,2022-09-28 05:35:49+00:00,minat logo money heist macamni direct chat tekan link and chat je situ 
4398524892,Pecinta Film Indonesia Official,2022-10-05 23:59:50+00:00,naysilla mirdad mas anggara bangun chemistry film inang 
1.51E+18,geraldi,2022-10-05 23:21:55+00:00,seru banget film film nya seru banget 
1373765287,Subscribe,2022-10-05 22:59:20+00:00,kasi film nya balik nonton iya suka 
1471722224,,2022-10-05 22:56:12+00:00,neng neng nonton film 
80552604,YusufFM,2022-10-05 22:55:49+00:00,film asli kerenbgttt banget feel 
1.55E+18,Hendrayanti Spd,2022-10-05 22:38:49+00:00,film nostalgia 
1.47E+18,Helios,2022-10-05 22:16:09+00:00,film seru banget ben kayak rewatch melulu film 
1.28E+18,ta bee ta,2022-10-05 21:38:04+00:00,asu banget film anjg 
1.26E+18,Potato,2022-10-05 21:17:24+00:00,salah film gakuat rewatch endingnya nyesek banget 
7.45E+17,Arif Rizal,2022-10-05 20:27:46+00:00,film bagus lengkap kejut untuk pribadi remaja tonton kurang durasi film terkadang lelah dengar jelas klarifikasi buat per 
1.29E+18,A3A AA A3A AA,2022-10-05 20:09:06+00:00,menang nonton film 
1.38E+18,Jihu,2022-10-05 23:42:52+00:00,ayo nonton luap emosi 
277941357,dwi,2022-10-05 23:33:56+00:00,nonton stress 
1.37E+18,Ponakan Uncle Jeff,2022-10-05 23:32:52+00:00,tertawa nonton 
9.57E+17,atul,2022-10-05 23:21:30+00:00,iya teman ayo nonton rem comedy pokok bagus deh nonton 
8.87E+17,fio,2022-10-05 23:11:20+00:00,nonton bareng 
1.57E+18,kyn free tag,9/25/2022 18:15,nonton money heist original nya sukak banget remake korea nya pliss season nya cepetin gasabar 
1.57E+18,nayeon park yn istri mafia,9/24/2022 20:53,salah money heist saksi bisu dosa dosa ku nonton puasa anjing anu vulgar nya kotor makruh puasa 
1.57E+18,si yang ga mau move on,9/22/2022 7:34,dibandingin money heist shooting bukit rating digit 
1.57E+18,Alden Cengkeh,9/21/2022 18:49,money heist tema utama crime bu sesuai judul wajar jahat lolos judul tonjol jahat lbh utama banding baik ic jahat hukumanya sesuai jahat laku 
1.57E+18,piww,9/21/2022 16:16,nonton money heist korea seruuu nagih banget 
1.57E+18,Mile,9/18/2022 20:26,money heist korea gila jugaaaaaa 
1.57E+18,al,9/18/2022 12:26,nonton money heist nairobi mati anjeng 
1.58E+18,myiadaloml,10/1/2022 5:35,suka money heist 
1.58E+18,,10/1/2022 4:51,money heist langgar awal buruk 
1.58E+18,Changhe Qiao,10/1/2022 4:47,omong omong pikir pei profesor money heist 
1.58E+18,kvvy,10/1/2022 4:20,tonton money heist kali amp 
1.58E+18,kurelds,10/1/2022 4:11,mari lihat dasar money heist ajar ide ide lawan rezim 
1.58E+18,LondonMcAuley,10/1/2022 3:18,el turo salah buruk money heist benci karakter 
1.58E+18,jnlfrdo,10/1/2022 3:10,pei tonton money heist subtitle konser 
1.58E+18,,10/1/2022 2:56,tonton money heist 
1.58E+18,ezraquarius,10/1/2022 2:48,gantung genre suka anak laki laki amp money heist favorit 
1.58E+18,foklorian,10/1/2022 2:10,aneh money heist 
1.58E+18,Realnchochoba,10/1/2022 2:03,ajar sindrom stockholm money heist ajar film seri 
1.58E+18,nepcledesma,10/1/2022 1:55,mimpi nyata pei money heist 
1.58E+18,HollandnHolland,10/1/2022 0:24,pergi curi pei money heist 
1.58E+18,DakelDallas,10/1/2022 0:24,rangsang tonton butuh uang pergi tonton money heist 
1.58E+18,Noirceurn,9/30/2022 22:48,lagipula tonton money heist nonton maju mundur nilai 
1.58E+18,leouniverses,9/30/2022 22:46,money heist asli 
1.58E+18,slowgymshoes,9/30/2022 21:56,selesai money heist buat 
1.58E+18,hiamag,9/30/2022 21:26,serial money heist karya dramatis kisar curi bank produksi rangkai batas episode netflix hak siar global wakil musim episode periode singkat tampil dunia desember 
1.58E+18,yeonggam,9/30/2022 20:47,pilih money heist 
1.58E+18,moneyheist,9/30/2022 19:43,wkwkwkw bangsat 
1.58E+18,,9/30/2022 19:30,selesai musim money heist goosebumps otak milik profesor super rekomendasi tee 
1.58E+18,JiriStepan,9/30/2022 19:02,gemar casa adik papel money heist bella ciao nyanyi profesor 
1.58E+18,,9/30/2022 17:20,bajing money heist 
1.58E+18,indannaqiqa,9/30/2022 17:13,lupin money heist lumayan 
1.58E+18,jaeramyun,9/30/2022 17:09,tonton money heist korea 
1.58E+18,,9/30/2022 16:56,jin mu tonton money heist aturo na definisi pria gila 
1.58E+18,,9/30/2022 13:50,money heist fav 
1.58E+18,,9/30/2022 13:49,money heist tonton 
1.58E+18,,9/30/2022 11:22,tonton money heist korea 
1.58E+18,be mepl,9/30/2022 11:08,orang rekomendasi money heist korea pribadi suka senang spanyol baik hati kali senang 
1.58E+18,,9/30/2022 10:50,money heist musim buat sedih musim rencana ide 
1.58E+18,cybxra,9/30/2022 10:04,gabung cipta money heist kembali emas warga negara afrika 
1.58E+18,DukeOfNsukka,9/30/2022 2:19,karakter cinta money heist 
1.58E+18,DukeOfNsukka,9/30/2022 2:17,karakter jengkel 
1.58E+18,chd,9/29/2022 22:53,cemas ajar uji bar california tonton money heist 
1.58E+18,,9/29/2022 22:26,money heist netflix bagus 
1.58E+18,jonghyyyns,9/29/2022 22:22,tonton money heist korea 
1.58E+18,,9/29/2022 22:14,drama money heist main tarik perintah informasi 
1.58E+18,aretxed,9/29/2022 22:08,henti tonton mid money heist 
1.58E+18,gulrajput,9/29/2022 21:46,seri money heist curi uang negara 
1.58E+18,el,9/29/2022 21:46,pikir money heist 
1.58E+18,ReIIyCooper,9/29/2022 21:21,money heist frustrasi hindar jatuh cinta 
1.58E+18,cherrieooos,9/29/2022 20:40,promosi money heist versi korea lmao 
1.58E+18,,9/29/2022 20:27,suka lagu money heist 
1.58E+18,Thisisvictor,9/29/2022 20:05,lambat money heist versi korea nyala 
1.58E+18,,9/29/2022 18:03,coba kali kali tonton money heist sial bagus 
1.58E+18,,9/29/2022 18:00,peran money heist 
1.35E+18,Arsalan,2022-10-05 20:50:51+00:00,tonton money heist masyarakat terima 
1.38E+18,lowkey,2022-10-05 20:38:57+00:00,saksi money heist 
555883000,Dee Fisher,2022-10-05 20:33:22+00:00,pernah tonton money heist netflix drama jahat spanyol rekomendasi tonton bahasa spanyol subtitle bahasa inggris 
1.53E+18,Jesse,2022-10-05 20:00:22+00:00,takut pikir iya tonton money heist 
1.52E+18,,2022-10-05 19:17:28+00:00,hun money heist saran 
1.08E+18,RMG,2022-10-05 17:22:51+00:00,harap money heist peunjukan baik man 
1.49E+18,Rai,2022-10-05 16:12:16+00:00,kius iya tonton money heist daftar 
1.35E+18,pup a1 a1 a1 i12 i34,2022-10-05 15:54:08+00:00,tonton money heist jatuh cinta proffesor 
503659340,daniela 12,2022-10-05 15:25:51+00:00,salah rekan kerja saksi money heist 12 
1.56E+18,BRYANN IRON,2022-10-05 14:34:41+00:00,gemar money heist hubung superstar bryann the aiste 
8.25E+17,ShaKing of the Galactic Heroes,2022-10-05 14:12:56+00:00,money heist panas 
7.13E+17,rekagamesss,2022-10-05 14:03:42+00:00,musim tonton musim money heist 
569694013,12,2022-10-05 12:40:40+00:00,tokyo money heist buat kesal kdwa hun harper orang gila beda 12a 
365373027,Bernard Benedict,2022-10-05 12:18:45+00:00,money heist korea butuh asap musim tikung tegang bunuh 
1.15E+18,Gbemisola Jaji,2022-10-05 12:09:28+00:00,lambat munafik negara jengkel saksi fifty shades of grey hipnotis main miscall miscall money heist lepas adegan seks moral kompromi anikulapo payudara palsu 
1.43E+18,beri spooky bz with schewl,2022-10-05 08:49:27+00:00,tonton money heist 
1.19E+18,SWEET ROSE,2022-10-05 08:13:07+00:00,dengar money heist 
1.03E+18,destiny,2022-10-05 07:37:38+00:00,manajer tonton money heist ohmygawd omong kosong bagus what the fuck 
1.55E+18,Cheesie,2022-10-05 07:25:05+00:00,lupa tonton money heist 
1.32E+18,Chrissy,2022-10-05 07:01:35+00:00,money heist pei 
333072218,,2022-10-05 04:42:19+00:00,harap uang heist main netflixa salah baik 
19372593,Rolling Rachael Ray,2022-10-05 04:30:35+00:00,money heist korea tampar takut 
35921518,Chee Bwee Kay,2022-10-05 03:14:25+00:00,tonton money heist bantu 
1.52E+18,Yk exchange,2022-10-05 03:06:16+00:00,republic pria pria tonton money heist ban 
4703837605,JAIN,2022-10-05 02:34:17+00:00,film mewah akting mahal simpan baris chanakya money heist mahal beindak orang arah huma jadugar terus 
1.45E+18,jd,2022-10-05 02:07:13+00:00,tonton money heist stres sadar dukung sandera 
629457371,Aliyyah,2022-10-04 23:15:02+00:00,usang uang money heist 
1.03E+18,FCBArad,2022-10-04 20:56:07+00:00,ampo money heist 
512144269,Forever young,2022-10-04 20:43:13+00:00,tonton money heist 
1.41E+18,Sarah,2022-10-04 20:15:31+00:00,selesai money heist tertawa marah bunuh tokyo smh 12 12 
1.40E+18,WALLPAPER COLLEGE,2022-10-04 19:48:59+00:00,caleb auro men benci money heist pei real 
1.34E+18,Seyi Jibodu,2022-10-04 19:43:37+00:00,saksi money heist 
2502717543,Kevina,2022-10-04 19:14:53+00:00,curi uang beri tunggu film curi hebat 
1.51E+18,Jwoo,2022-10-04 19:11:46+00:00,awe rindu tonton netflix orang favorit tertawa rindu money heist 
1.20E+18,PoseidonX,2022-10-04 19:08:29+00:00,money heist 
1.23E+18,NotsoTeddyBear,2022-10-04 18:55:17+00:00,netflix lepas obsesi money heist konyol 
8.57E+17,Drizzy Trey,2022-10-04 16:31:41+00:00,na money heist tonton 
1.55E+18,12,2022-10-04 16:15:31+00:00,ok tonton money heist raja vaking 
581202752,waqas,2022-10-04 16:00:28+00:00,money heist marah inspektur coba tangkap curi gabung grup jsjdjsje 
1.43E+18,Habdex of Africa,2022-10-04 15:58:36+00:00,orang gay gila gila hidup orang money heist 
1.47E+18,Mat,2022-10-04 15:53:17+00:00,ive beemu tonton money heist 
1.55E+18,Millie 14,2022-10-04 15:50:57+00:00,orang suka money heist korea pikir bagus suka asli 
515491467,,2022-10-04 14:03:11+00:00,tonton money heist arah 
4709600968,Stephen Power,2022-10-04 13:35:19+00:00,terima kasih serang jantung mini keith money heist tim races 
406451850,Tereminator,2022-10-04 13:34:39+00:00,tarik pilih nairobi salah karakter money heist 
92274281,Ravi,2022-10-04 12:51:17+00:00,velan suka tonton serial money heist seri peama tonton episode unduh candu langgan netflix tahap covid tonton siang malam seri peama suka 
1.38E+18,Nathanio,2022-10-04 12:40:41+00:00,sih rasa arah money heist pei peama kali lambat agenda brooklyn semangat jake amp amy wedding manja pinterest 
1.58E+18,Ai,2022-10-04 11:47:04+00:00,rewatch money heist atuu gfn 
1.41E+18,Krishan Sharma,2022-10-04 10:58:23+00:00,money heist ragu 
1.37E+18,Satyam Gupta,2022-10-04 10:33:27+00:00,money heist baik 
1.31E+18,Naya Nnabugwu,2022-10-04 10:27:08+00:00,omoo money heist episode selesai anikulapo sef tonton hype mati oo 
1.35E+18,pup,2022-10-05 15:54:08+00:00,tonton money heist jatuh cinta proffesor 
503659340,daniela,2022-10-05 15:25:51+00:00,salah rekan kerja tonton money heist 
569694013,,2022-10-05 12:40:40+00:00,tokyo money heist buat kesal kdwa hun harper orang gila beda 
1.55E+18,Cheesie,2022-10-05 07:25:05+00:00,lupa tonton money heist 
1.32E+18,Chrissy,2022-10-05 07:01:35+00:00,money heist pei 
1.09E+18,Christine,2022-10-05 06:50:11+00:00,money heist tertawa 
849654403,PJ,2022-10-05 04:46:46+00:00,tonton money heist peama kali jalang tokyo bodoh 
333072218,,2022-10-05 04:42:19+00:00,harap money heist main netflix salah baik 
1.40E+18,WALLPAPER COLLEGE,2022-10-04 19:48:59+00:00,caleb auro men benci money heist real 
1.41E+18,Krishan Sharma,2022-10-04 10:58:23+00:00,money heist ragu 
1.37E+18,Satyam Gupta,2022-10-04 10:33:27+00:00,money heist baik 
1.10E+18,VIMAL YADAV,2022-10-04 09:40:02+00:00,money heist season suka karakter profesor seri baik lihat gemar berat 
7.92E+17,,2022-10-04 09:29:30+00:00,iya money heist baik ayy 
1.09E+18,Ainy,2022-10-04 09:27:55+00:00,money heist cast baik profesor bh nh hain 
9.59E+17,jual apps premium murah meriah,2022-10-09 16:44:31+00:00,rate lupin kakk mundur nonton lupin otak doktrin perfectnya main professor money heist 
211418857,Fina Mauly,2022-10-09 15:37:11+00:00,nonton money heist tahun mata lepas duet kabur sierra professor 
1.57E+18,nja,2022-10-09 12:38:55+00:00,seru bangett woiii money heist lacasa adik papel rampok emas bank spanyol season amp 
1.20E+18,,2022-10-09 11:50:38+00:00,menfess money heist prefer serial originalnya sih remake koreanya mayanlah 
1.45E+18,,2022-10-09 11:20:00+00:00,bagus banget milih kingdom move to heaven money heist semuany beneran bagus jelek 
967779043,Mayisha,2022-10-09 11:17:24+00:00,watchlist gueee sih money heist 
1.37E+18,heh ho,2022-10-09 10:39:43+00:00,ayodong bkin series bagus money heist 
3192343998,yay,2022-10-09 09:31:29+00:00,money heist korea flop yaaa 
1.38E+18,aya,2022-10-09 04:47:14+00:00,lanjutin money heist laptop connect wi fii 
1.13E+18,tia,2022-10-08 15:17:42+00:00,lucu banget deh tim money heist 
343282605,Dicky Wisnu,2022-10-08 14:00:04+00:00,namatin money heist lambat apa 
2320366938,Mpris,2022-10-08 11:01:01+00:00,nnton money heist paham anjing bel 
1.05E+18,obi,2022-10-08 10:53:21+00:00,nonton money heist korea asli cakep banget bosen lihat nya 
1.14E+18,QueenshaA,2022-10-08 10:39:40+00:00,pas nonton money heist bilang karakter denver kayak mingi tertawa 
1.39E+18,mogiA,2022-10-08 10:38:49+00:00,anjiiir ganteng banget main money heist kr 
1.43E+18,nadA athenad,2022-10-08 10:38:48+00:00,mas mas mbak mbak money heist cocok banget senyum mbak nya adem iya 
1.34E+18,,2022-10-08 10:38:34+00:00,aahhhh kangen money heist korea 
324202269,chili ackerman,2022-10-08 04:59:09+00:00,minggu maraton money heist gila gila 
1.33E+18,nin A1A A1,2022-10-07 15:04:35+00:00,money heist korea seru banget nonton episode rated 
1.45E+18,,2022-10-07 12:46:11+00:00,series nder coba nonton money heist deh original seru banget and ll always recommend it 
1.42E+18,cii,2022-10-07 11:11:02+00:00,money heist season kacau nairobi anjinggggg mati cokkkkkkk 
531107240,Aprizal Nugraha,2022-10-07 07:18:47+00:00,money heist baik 
324202269,chili ackerman,2022-10-07 03:36:05+00:00,capek emosi banget nonton money heist eh bikin bengep jago nairobi matiiiiiia 
300853101,,2022-10-06 17:24:28+00:00,weh kayak deh rewatch money heist uang bosen bosenya gila keren banget 
1.39E+18,,2022-10-06 12:21:04+00:00,money heist asli tokyo nyebelin iya suka ver korea nya beneran logis netral amp tanggung percaya kayak ah udahlah suka duluan ver korea nya nonton duluan kor kali iya 
323081825,David gilmour,2022-10-06 06:02:31+00:00,rating rendah mesti money heist 
2985144721,candy,2022-10-05 13:55:23+00:00,nonton money heist korea iseng muk nonton cheer up selagi tunggu drama tayang ini 
1559726251,mbak tumbas,2022-10-05 02:30:47+00:00,nonton money heist nambah rancu njir cerita fokus nyabang capek ngikutinnyaa 
255418404,rizkipsari,2022-10-04 01:08:11+00:00,kenaps keren banget yeu money heist sayang diending meninggoy 
1.57E+18,nja,2022-10-09 12:38:55+00:00,seru bangett woiii money heist lacasa adik papel rampok emas bank spanyol season amp 
1.13E+18,i142i12 i12,2022-10-06 13:46:52+00:00,nonton money heist benera2 renti eps dega2an penasarannn 
1.47E+18,yasmin 14,2022-10-09 22:41:33+00:00,pleeease promosi money heist korea hadir bahagia tolong 
8.22E+17,Matt,2022-10-09 21:33:56+00:00,money heist 
1.27E+18,,2022-10-09 21:16:00+00:00,selesai money heist 
1.37E+18,,2022-10-09 21:02:12+00:00,tonton money heist sepupu 
1.49E+18,,2022-10-09 20:41:53+00:00,lsy lupa adaptasi money heist 
2350623369,Deep Vee 14,2022-10-09 20:08:40+00:00,money heist 
7.86E+17,Black Neal Caffrey,2022-10-09 19:58:26+00:00,ahh menang ampo hasil uang ampo pei lelucon 
9.12E+17,queen,2022-10-09 19:54:22+00:00,money heist ide pantat bodoh 
1.28E+18,,2022-10-09 19:33:13+00:00,omg awas money heist korea bagus 
1.46E+18,MOLLIE DAY,2022-10-09 19:31:39+00:00,tonton money heist smth 
1.24E+18,MaiU,2022-10-09 18:32:56+00:00,fuq leqin nikmat money heist 
1.28E+18,Ritchie,2022-10-09 17:57:20+00:00,money heist milik selera buruk 
1.37E+18,Pneuma Designs,2022-10-09 14:13:41+00:00,dapat money heist layak putar ulang 
1863518892,Matt,2022-10-09 14:01:12+00:00,money heist sial 
1.21E+18,Asad Yazdani,2022-10-09 12:50:45+00:00,narcos money heist 
8.07E+17,jay jay,2022-10-09 12:10:47+00:00,karakter money heist favorit lin palermo omong kosong tulis milik adegan bagus maksud suka karakter milik perilaku buruk 
1.53E+18,Degenerate,2022-10-09 12:09:45+00:00,pikir tokyo nairobi money heist 
1.16E+18,,2022-10-09 12:06:00+00:00,nahh tonton power and money heist suka 
1.38E+18,Looksharp,2022-10-09 11:25:58+00:00,film money heist agradaa bagus paa 
9.54E+17,Nase,2022-10-09 11:05:45+00:00,cap pei auro money heist buat lucu 
1.22E+18,Mutabarura Andrew,2022-10-09 10:09:01+00:00,kla tonton money heist 
1.35E+18,Vanessa,2022-10-09 06:53:52+00:00,menang saksi money heist 
1.44E+18,,2022-10-09 06:37:21+00:00,rewatching money heist 
1.26E+18,Victor Wills,2022-10-09 06:35:00+00:00,tonton money heist 
1.06E+18,Brittney Janae,2022-10-09 03:21:20+00:00,money heist peunjukan bagus bravo netflix 
14372597,Nancy Democracy VOTE,2022-10-09 02:36:58+00:00,salah program baik lihat tv suka money heist bahasa spanyol 
250937859,1a,2022-10-09 02:02:50+00:00,tonton money heista mari lihat hype 
1.06E+18,,2022-10-09 00:08:02+00:00,selesai money heist 
1.40E+18,Maria,2022-10-08 21:55:39+00:00,money heist tearik tonton 
1.02E+18,Nimra,2022-10-08 19:54:40+00:00,money heist populer tonton 
1.47E+18,yasmin,2022-10-09 22:41:33+00:00,pleeease promosi money heist korea hadir bahagia tolong 
619292554,Tonie,2022-10-09 17:37:11+00:00,temu acara netflix bagus money heist 
1.32E+18,amaim,2022-10-09 13:16:52+00:00,michaelscottfc money heist kereen 
1.22E+18,Mutabarura Andrew,2022-10-09 10:09:01+00:00,kla tonton money heist 
1025101267,Tesfaye,2022-10-09 06:55:48+00:00,film money heist 
1.35E+18,Vanessa,2022-10-09 06:53:52+00:00,menang saksi money heist 
8.21E+17,Mouheb Yousuf,2022-10-09 06:29:52+00:00,money heist iya seru 
1.57E+18,Robe Cordyn,2022-10-09 06:19:49+00:00,profesor sejati film money heist 
1.26E+18,Joshua Mimam Sampson,2022-10-09 06:13:02+00:00,money heist intro 
250937859,,2022-10-09 02:02:50+00:00,tonton money heist mari lihat hype 
1494921583,Steven Birch,2022-10-08 18:08:42+00:00,money heist netflix 
1.37E+18,yyyayyyyas,2022-10-09 21:58:00+00:00,ending peama lucu bat anjing spoiler gebok ketemu ah toxic relationship aneh dukung 
1.37E+18,yyyayyyyas,2022-10-09 20:16:46+00:00,professor raquel lucu deh pasang rampok polisi nyampe rumah bawa kerja meja makan profesional bat astaga 
1.37E+18,yyyayyyyas,2022-10-09 15:47:38+00:00,anying tokyo karen iya 
211418857,finamauly,2022-10-09 15:37:11+00:00,nonton money heist tahun mata lepas duet kabur sierra professor 
1094969120,matchmurdock,2022-10-09 14:39:49+00:00,cakep banget money heist seru sih 
1600582920,,2022-10-09 11:29:02+00:00,sebel banget deh nonton film film bagus netflix eh episode akhir ngambang alias season season blom adaa sadar ket season bag alice in borderland sweet home money heist korea why 
44321053,ramazaynworld,2022-10-09 07:38:54+00:00,mana trailer spinoff money heist lin anjhay liat personel skala heistnya gede parent seriesnya sih 
1.02E+18,kkimchiijeon,2022-10-08 10:39:33+00:00,waduchh money heist 
1.08E+18,adoringmallows,2022-10-08 10:38:24+00:00,om om main money heist 
324202269,rahmahfau,2022-10-07 22:25:41+00:00,money heist endingnya banget deh capek banget nontonnya 
1.45E+18,noctisvagant,2022-10-07 12:46:11+00:00,series nder coba nonton money heist deh original seru banget and ll always recommend it 
324202269,rahmahfau,2022-10-07 03:36:05+00:00,capek emosi banget nonton money heist eh bikin bengep jago nairobi matiiiiii 
8.52E+17,soemiolla,2022-10-06 17:00:38+00:00,sabar deh masa money heist iya 
1.08E+18,wahhleo,2022-10-06 10:49:50+00:00,season moneyheist karakter pling benci tokyo 
1.57E+18,callalofi,2022-10-06 03:18:11+00:00,menfess seru pooooool suka banget yoo jitae karakter keren banding moneyheist nonton legal netflix 
2785234311,ivanfaadilaaxx,2022-10-04 10:28:07+00:00,money heist gajelas ngene 
163784944,Faisalicip,2022-10-04 04:56:53+00:00,comparasion kayak saudara laki money heist korea aneh tertawa 
95579729,wolipop,2022-10-04 04:30:56+00:00,aktris begoa vargas tampil spin off money heist lin peran karakter cameron serial potret 
1085373955,dwkyrhmdhn,2022-10-03 14:38:14+00:00,rewatch money heist alhamdulillah episode sayang sari rio 
1.57E+18,NgewatchID,2022-10-02 12:30:09+00:00,suka tonton film pei oceans series money heist film hibur gebrak film indonesia berani ambil jalan cerita admin minat indonesia 
21287066,beritajatimcom,2022-09-29 09:20:08+00:00,sukses money heist spin off berlina garap surabaya series judul casa adik papel money heist trend ramai ikut 
1.28E+18,thesteraI,2022-09-28 18:47:11+00:00,fyp sial kena spoiler bangsat fyp nonton money heist sih anjinggg 
7.61E+17,HakuMatchaa,2022-09-28 10:18:17+00:00,money heist antuk nntonnya tertawa kuat nnton season till we meet again film lampau aneh jokes nya shaun of the dead suka scene bunuh zombie pakai lagu don henti me now lebih bosen 
65579626,dedesisi,2022-09-26 10:40:33+00:00,ehhh kira denver money heist korea paham bukann 
1.30E+18,cutieskeu,2022-09-25 05:14:04+00:00,ih lucu konsep kayak money heist 
1.54E+18,somebadsoda,2022-09-24 21:11:40+00:00,fresh genre film dekade over disamain money heist ekspektasi jelek main iya per cakep cakep jual pamor visual nunjang film beda 
8.70E+17,whoneedenemies,2022-09-24 10:54:56+00:00,wahhh scene money heist spain 
1.38E+18,fearloeus,2022-09-22 12:52:46+00:00,sumpah money heist korea seru 
1.49E+18,taro oreo,2022-09-21 12:23:26+00:00,cinta korea habis nonton film series big mouth money heist squid game little women suka seru banget nontonnya 
269664764,gyugyumygyu,2022-09-21 12:09:54+00:00,banget money heist cerita tindak kriminal kelompok curi pakai taktik cerdas set judul ikat cinta isi bykn kriminalitas penistaaan hukum amp profesi mesti gregetan lihat 
575255057,qiamatz,2022-09-20 08:11:02+00:00,money heist jelek banget anjing orang orang bodoh nyerah nonton ori bodoh korea anjing bodoh briefing rampok inti money heist overrated karakter kayk otak hahahhaa hadehhh 
255418404,Rizkipsari,2022-09-17 12:04:56+00:00,money heist minggir mari selesai big mouth 
1.22E+18,yejiakh,2022-09-16 16:52:06+00:00,beli netflix bulan aje enih nonton money heist tagih 
620784021,Narayanaaa,2022-09-15 23:39:27+00:00,pei money heist versi 
173432507,satyapnggyh,2022-09-15 18:24:16+00:00,asa nonton money heist 
1.38E+18,,2022-09-15 16:28:23+00:00,film spanyol money heist 
9.10E+17,wintersparklesy,2022-09-13 12:29:46+00:00,menfess iya money heist korea jugaa loh habis wamill 
1.06E+18,mincorang,2022-09-13 10:44:37+00:00,kangen hyunwoo nonton tu money heist korea 
1.52E+18,temandekatmuuu,2022-09-13 09:05:35+00:00,habis money heist korea 
1709814386,reperchies,2022-09-13 05:40:57+00:00,eh detektif money heist korea iya 
1.50E+18,,2022-09-13 01:13:31+00:00,serasa lihat profesor film money heist 
1.50E+18,euphoria beat,2022-09-12 23:16:58+00:00,bayang money heist 
7.78E+17,cabangpurnamaa,2022-09-12 19:49:47+00:00,asa moneyheist 
1.56E+18,rvsier,2022-09-12 18:19:55+00:00,money heist heboh pas peengahan sadar top tier film peama kali kagum sutradara 
8.24E+17,fatinatikahhhh,2022-09-12 17:46:47+00:00,wehhh money heist 
1.10E+18,sukamisakura,2022-09-12 17:21:46+00:00,money heist excited tunggu kabar season baruuww tertawa 
1.54E+18,itsmemizuka,2022-09-12 15:03:13+00:00,money heist seru 
1.42E+18,jneonuf,2022-09-12 14:54:45+00:00,banget ending nya money heist kr 
354643930,cyawnophyta,2022-09-12 13:59:06+00:00,beres nonton money heist korea seruuu 
90344147,aloel ku,2022-09-12 13:45:25+00:00,film money heista muncul hacker 
9.15E+17,,2021-12-29 23:36:15+00:00,money heist bagus banget endingnya uang scene kecewa 12 12 
67264545,riakribo,2021-12-29 20:12:36+00:00,money heist endingnya fairytale banget 14 
1.43E+18,seoxbinnie,2021-12-29 19:49:30+00:00,nonton money heist iya money heist 
4075191913,bvnnysick,2021-12-29 18:26:41+00:00,okee malam namatin money heist habis nonton bridgetron teunda hhhh 
1.14E+18,hermionelxve,2021-12-29 17:31:32+00:00,money heist bagus sih 
232159422,ikhsandinagus,2021-12-29 17:04:07+00:00,banding money heist tayang desember series film top netflix indonesia 
1.25E+18,pacarnyaaladinn,2021-12-29 16:44:01+00:00,rewatch money heist pas nairobi tembak menang deh tauuu 
1443106410,biyiyyy,2021-12-29 16:41:07+00:00,bangun tdr deg degan mimpi sandera money heist 
86712415,chrisfellach,2021-12-29 16:10:06+00:00,yes santai nonton money heist lama poke wkwkwkw nyusul biar tinggal 
1.24E+18,yoreench,2021-12-29 15:57:47+00:00,money heist seru banget tambah streaming pakai tri waww mantap 
1.37E+18,prettymbul,2021-12-29 15:22:23+00:00,rekomendasi netflix ll alwasy sayang money heist thank you 
1.06E+18,avocutedle,2021-12-29 14:51:07+00:00,money heist seruu 
601791574,,2021-12-29 14:31:32+00:00,tokyo tokyo susah hidup orang 
8.42E+17,rynosw,2021-12-29 14:23:42+00:00,iya banget niat pgn nonton money heist lain libur eh libur selesai tonton 
1.21E+18,,2021-12-29 13:51:00+00:00,money heist bagus si pen nonton 
1.12E+18,,2021-12-29 13:36:15+00:00,rio money heist the real beban kelompok 
1.41E+18,katsu ragi,2021-12-29 12:33:53+00:00,money heist seru yorobun 
1.19E+18,thewillywonka,2021-12-29 12:18:27+00:00,denver money heist tertawa damage nya beuhhh 
1.12E+18,,2021-12-29 11:38:22+00:00,stress nonton money heist season 
1.43E+18,lovingjaenjun,2021-12-29 11:12:44+00:00,tolong nonton money heist tolong nontonnn ramai banget anjirrttt shgssjjsushe 
1.08E+18,CutieLisayaaa,2021-12-29 10:31:19+00:00,drama money heist 
1.25E+18,LepoyMane,2021-12-29 09:42:25+00:00,inspirasi money heist 
1.45E+18,chwenotu,2021-12-29 09:16:29+00:00,nonton money heist polisi tipu lucu banget dahh 
80884893,weningts,2021-12-29 09:01:44+00:00,list nonton netflix tonton salah satu money heist iya ampun nonton tertawa 
1.19E+18,moominyzz,2021-12-29 08:47:26+00:00,monton money heist season tokyo rio beban banget asli deh 
1252148490,,2021-12-29 08:13:13+00:00,okay puas hati ending money heist 
1.06E+18,behappyterus,2021-12-29 06:42:20+00:00,money heist terfav series berapaa 
1.34E+18,WibawaAryo,2021-12-29 04:53:48+00:00,horeh adegan money heist 
7.85E+17,stayinmalibu,2021-12-29 03:46:03+00:00,jahat emily ngeselin ngeselin aurito money heist 
1.26E+18,plummieds,2021-12-29 03:19:18+00:00,keren bngt mimpi anggota money heist 
431255456,kroosnvm,2021-12-29 03:06:30+00:00,lupa nonton money heist 
7.72E+17,fanny juda,2021-12-29 02:44:34+00:00,wahhh money heist film keren inihhh 
8.85E+17,couphanie,2021-12-28 21:38:52+00:00,catch up money heist banget huhu 
111592493,mithalidwina,2021-12-28 20:53:11+00:00,jujur money heist aneh banget 
1.10E+18,herprivatelife,2021-12-28 20:04:12+00:00,smpat nonton lanjut season money heist pung kepala otak meledakk anjirrrrr film pung plot twist 
272238451,dustycqt,2021-12-28 19:40:40+00:00,banget kepala pening money heist marathon banget 
366461984,bangwap,2021-12-28 19:21:16+00:00,yuhuu finally kelar nonton money heist 
1.01E+18,hamengkuybuwono,2021-12-28 19:03:21+00:00,money heist tebak cok alur 
1.22E+18,rifiellena,2021-12-28 18:59:41+00:00,money heist nnton kakak 
1097499175,iqbalrmdhnnnnnn,2021-12-28 18:24:36+00:00,selesai nonton money heist season ngei emas curi wowww 
1.26E+18,angelsamosirr,2021-12-28 17:29:49+00:00,season money heist eps kejer air mata merinding keren 
1.41E+18,,2021-12-28 16:52:46+00:00,sngka narcos bgus bget klah money heist mah 
155444942,ridhanailaa,2021-12-28 16:45:41+00:00,hasil lawan kemageran first timer nonton money heist tearik banget pingin nonton nonton tidur hmbz 
7.92E+17,selowdive,2021-12-28 15:59:21+00:00,series jabanin barbie tonton kecuali money heist taste gx sampah itua 
1.10E+18,,2021-12-28 15:52:16+00:00,loco sekali nonton money heist langsung candu 
525483916,Nninaaa,2021-12-28 15:43:11+00:00,habis tgk money heist sedih deh habis 
1017132302,HazimHafidzull,2021-12-28 15:36:23+00:00,ouh selamat juang money heist season not bad 
1258885520,schweitzerdani,2021-12-28 15:21:08+00:00,kayak money heist deh panjangin seasonnya 
602561361,GottaSellMaSoul,2021-12-28 15:10:30+00:00,lanjutin money heist emily in paris nonton mas sibukk bgtttt 
1.35E+18,anakefhaa,2021-12-28 15:06:44+00:00,wis kesel mari nonton money heist 
1.18E+18,alfinalfinn,2021-12-28 14:06:04+00:00,kelar nonton money heist endingnya klimaks tetep seru 
1.24E+18,keruphuk,2021-12-28 13:52:58+00:00,kakak perempuan download money heist mood nonton 
1.43E+18,vollesol,2021-12-28 13:41:19+00:00,teman update nonton money heist 
109551798,venitcadme,2021-12-28 13:22:47+00:00,nonton money heist ngei 
8.08E+17,Iifeoftyra,2021-12-28 12:59:50+00:00,oh iya nonton money heist iya kawan 
2475403734,sushyme,2021-12-28 12:59:07+00:00,tamatin money heist bikin 
564616695,tasyadivaaf,2021-12-28 12:26:15+00:00,paksa nonton money heist season tilu bosenan banget orangnyahhh 
1.12E+18,,2021-12-28 12:07:19+00:00,money heist ajar perintah kadang bobrok ngadepin tutup pakai ngorbanin citra mata publik 
955261015,,2021-12-28 12:01:08+00:00,menang banget nonton money heist seasom 
1.13E+18,ay siap,2021-12-28 11:22:46+00:00,nnton money heist bkin lbh takut nnton horor takut banget cipok ngews takut bat takut bat 
1.21E+18,unfamousppl,2021-12-28 11:02:24+00:00,gila mood nontonnya ngabisin money heist season jam award si 
1.30E+18,,2021-12-28 10:55:12+00:00,selesai nonton money heist season 
1.47E+18,,2021-12-28 10:42:22+00:00,beres nonton money heist 
1.10E+18,aacheesee,2021-12-28 09:54:22+00:00,nonton money heist oke degdegan snowdrop degdegan sialaannn yeon ro 
1.16E+18,urqtiepie,2021-12-28 08:13:30+00:00,gampang sedih sih nonton money heist sedih nairobi mati sedih tokyo mati sedih pas lin mati aaaa pas moscow mati sedih cerita sedih bahagia ending haru pakai sedih 
1.36E+18,yangausyangausj,2021-12-28 07:05:39+00:00,snowdrop eps money heist 
1.37E+18,cherriesunki,2021-12-28 06:36:28+00:00,suka genre money heist keren ampo 
127233437,emgknpdah,2021-12-28 05:56:09+00:00,professor kawan money heist 
865506914,speakinsoner,2021-12-28 04:08:51+00:00,sisi suka uang adegan tembak tembak gedek lihat seri money heist cinta gapernah kena sekian ratus peluru cakep bikin tegang professor masuk camp polisi 
865506914,speakinsoner,2021-12-28 04:04:23+00:00,nonton money heist final asa kasi banget lin ambisius egois perkara cinta main main pilih lagu coldplay ending bagus saking bagus larut situasi beda alias alam 
1.13E+18,duffsit,2021-12-27 19:05:45+00:00,langsung namatin money heist byebye yayang sergio 
1.16E+18,JalannKakii,2021-12-27 18:53:13+00:00,denger intro money heist keinget nonton bareng 
1.18E+18,junsuhbear,2021-12-27 17:22:32+00:00,nonton money heist rio abg banget anj ksl 
404001187,ameeliaps,2021-12-27 17:02:35+00:00,money heist seru amp 
579795847,Indriysf,2021-12-27 16:45:58+00:00,habis tu inget nonton money heist final season 
86714569,jenabilaaah,2021-12-27 14:50:35+00:00,butuh money heist season 
1.27E+18,xhappymeal,2021-12-27 14:41:16+00:00,abisin money heist nonton peaky blinders iya galaua 
1.31E+18,joomrcld,2021-12-27 14:31:02+00:00,nonton snowdrop asa nonton money heist season jirr 
244827780,zaitampan,2021-12-27 13:52:59+00:00,sammy pesona nonton money heist 
1.23E+18,esoksadar,2021-12-27 13:32:37+00:00,tamatin money heist malam 
156158825,antyariesty,2021-12-27 13:17:25+00:00,asa nonton snowdrop nonton moneyheist hae in keren banget antagonis gituuuu 
1.05E+18,ynotonystark,2021-12-27 13:11:39+00:00,money heist tamatin stuck season 
150979801,sofiafdani,2021-12-27 12:48:48+00:00,kelar money heist langsung layang putus pilih cinta tertawa 
1.35E+18,septemberkah,2021-12-27 12:27:02+00:00,orang orang selesai ngehype money heist hikss 
86437005,freshjarofskipi,2021-12-27 12:25:47+00:00,patut coba series misuh misuh money heist 
176313543,nordicfutureppl,2021-12-27 12:25:03+00:00,nonton money heist gakuat deh anjing 
1.35E+18,septemberkah,2021-12-27 12:23:37+00:00,habis nonton money heist 
333194890,kulongopro,2021-12-27 12:13:09+00:00,money heist endingnya cringe 
1.16E+18,dapin,2021-12-27 11:14:16+00:00,gila sih keren banget money heist tonton genks segi friendship nya kena banget ajar oengambilan putus iya rampok keren 
1.31E+18,urgetolive,2021-12-27 09:02:08+00:00,stres banget nonton money heist heyyy kenapanih shsuajsk 
1.07E+18,literallyidksy,2021-12-27 08:01:07+00:00,menfess iya bun nonton keinget money heist 
1.17E+18,oceanweedbrain,2021-12-27 07:27:12+00:00,beli netflix ngelanjutin money heist 
1.21E+18,yoo ril,2021-12-27 05:18:44+00:00,nyoba nonton money heist dn nyesek bangett menang 
228057523,MaisarraAnuar,2021-12-27 04:35:25+00:00,kannn money heist cepat 
1.11E+18,Purirachma,2021-12-27 02:33:16+00:00,ngelarin nonton money heist energy ahhh 
512824584,ningandjoonie,2021-12-27 02:31:35+00:00,vibes nya mala money heist 
1.29E+18,asdfghjkloveub,2021-12-27 01:04:13+00:00,snowdrop seru banget anjing nonton money heist beda snowdrop rampok 
1.02E+18,bellamonicah,2021-12-27 00:44:18+00:00,giat tamatin nonton money heist 
1.14E+18,feritaesperan,2021-12-26 21:54:32+00:00,lh mlh turut bosenan money heist nya 
1.35E+18,septemberkah,2021-12-26 20:21:53+00:00,nonton money heist 
1.43E+18,rscherie,2021-12-26 18:04:57+00:00,ngl eps peama imo kayak meh tapiiii ep plot interesting actionnya eps money heist nontonnya degdegan 
1.00E+18,siomayayamjamur,2021-12-26 17:56:31+00:00,cewek gambar ngontrol emosi si anjer money heist si tokyo sd si hana hdh sial banget stigma 
1.29E+18,,2021-12-26 17:49:49+00:00,beli netflix tau nonton moneyheist 
1.24E+18,,2021-12-26 17:32:26+00:00,maraton money heist 
1.31E+18,egaasfi,2021-12-26 17:11:56+00:00,rekom film money heist suruh ikutin season episode waaaakkkk season nonton asa beban pen nonton wkwkwk 
1.14E+18,idlecatz,2021-12-26 17:01:07+00:00,jele banget yaa money heist hue 
1.22E+18,vourielio,2021-12-26 16:59:38+00:00,sumpah keinget money heist bgtt nonton eps 
8.08E+17,iqbal mhdd,2021-12-26 16:50:59+00:00,sesal nonton money heist lambat nonton 
1.38E+18,Ayammgeprekk,2021-12-26 16:34:08+00:00,keren banget abang kang kopi keliling nonton money heist curiga tu jual rampok bank 
,,,
